domain,top_domain,traffic,primary_country_code,primary_country_share
news.google.com,google.com,94881645895,US,0.1929767
arz.m.wikipedia.org,wikipedia.org,5143703369,US,0.22235543
au.sports.yahoo.com,yahoo.com,4495242317,US,0.4877738
article.yahoo.co.jp,yahoo.co.jp,1846124587,JP,0.98287413
weather.com,weather.com,1644982011,US,0.41739931
social.technet.microsoft.com,microsoft.com,992365009,US,0.17163696
sway.office.com,office.com,873983152,US,0.29737476
finance.naver.com,naver.com,845945497,KR,0.9168386
arabic.cnn.com,cnn.com,674632188,US,0.74426705
myaccount.nytimes.com,nytimes.com,669840885,US,0.68558739
bbc.co.uk,bbc.co.uk,647852950,GB,0.84303319
blogs.oglobo.globo.com,globo.com,552564190,BR,0.94600665
msn.com,msn.com,537797018,US,0.43183017
hi-tech.mail.ru,mail.ru,537230306,RU,0.80024346
account.bbc.com,bbc.com,518496077,US,0.23710786
espn.com,espn.com,497440975,US,0.84479021
uol.com.br,uol.com.br,480131794,BR,0.94238528
keiba.rakuten.co.jp,rakuten.co.jp,452416491,JP,0.98406948
dailymail.co.uk,dailymail.co.uk,414333038,GB,0.42952718
cricbuzz.com,cricbuzz.com,401439171,IN,0.90745925
foxnews.com,foxnews.com,400673165,US,0.90663663
accuweather.com,accuweather.com,383951447,US,0.45867776
ar.marca.com,marca.com,381532507,ES,0.61868786
theguardian.com,theguardian.com,354015456,GB,0.35951686
new.qq.com,qq.com,321132719,CN,0.8221873
20.detik.com,detik.com,254663493,ID,0.97176789
argentina.as.com,as.com,249184430,ES,0.64801591
pocasi.seznam.cz,seznam.cz,225777118,CZ,0.95436255
finanse.wp.pl,wp.pl,222437252,PL,0.83109467
kultura.onet.pl,onet.pl,217948776,PL,0.82303903
healthline.com,healthline.com,207412400,US,0.4814158
br.investing.com,investing.com,204158634,TR,0.21605166
baseball.sports.smt.docomo.ne.jp,docomo.ne.jp,203100551,JP,0.99440499
fifa.com,fifa.com,202914011,US,0.10324181
news.livedoor.com,livedoor.com,196768977,JP,0.98843213
gismeteo.ru,gismeteo.ru,174158587,RU,0.94519703
infobae.com,infobae.com,172689514,AR,0.63228209
kooora.com,kooora.com,167352143,MA,0.32454439
video.vnexpress.net,vnexpress.net,167263630,VN,0.84629486
news.line.me,line.me,166613351,JP,0.4218378
br.tradingview.com,tradingview.com,151159735,IN,0.17838754
biznes.interia.pl,interia.pl,150926994,PL,0.86133612
finance.daum.net,daum.net,143147375,KR,0.91627579
espncricinfo.com,espncricinfo.com,143078967,IN,0.53804953
tenki.jp,tenki.jp,141791997,JP,0.99665771
bild.de,bild.de,141663238,DE,0.85886526
bari.repubblica.it,repubblica.it,140174339,IT,0.89519418
washingtonpost.com,washingtonpost.com,139585360,US,0.78710305
cnbc.com,cnbc.com,139276882,US,0.74099687
nypost.com,nypost.com,135933937,US,0.86830632
news.goo.ne.jp,goo.ne.jp,130993285,JP,0.98260666
livescore.com,livescore.com,130460302,ID,0.20367573
ansa.it,ansa.it,129407848,IT,0.9373521
aol.com,aol.com,129352076,US,0.80613421
coinmarketcap.com,coinmarketcap.com,129003778,US,0.16337792
corriere.it,corriere.it,128154138,IT,0.90983988
elmundo.es,elmundo.es,127221011,ES,0.81475606
idnes.cz,idnes.cz,124026550,CZ,0.91111613
bandung.kompas.com,kompas.com,118086898,ID,0.96485201
spiegel.de,spiegel.de,117685701,DE,0.89085806
nu.nl,nu.nl,114324031,NL,0.94488784
cincodias.elpais.com,elpais.com,114171739,ES,0.67757063
gazzetta.it,gazzetta.it,112824837,IT,0.87802257
economictimes.indiatimes.com,indiatimes.com,112093105,IN,0.76889438
jp.reuters.com,reuters.com,111235061,US,0.54589392
sozcu.com.tr,sozcu.com.tr,109600644,TR,0.88943809
gadgets.ndtv.com,ndtv.com,107968378,IN,0.74722711
news.com.au,news.com.au,106546350,AU,0.90335667
ynet.co.il,ynet.co.il,103983028,IL,0.854558
index.hr,index.hr,101072519,HR,0.77793128
bigpara.hurriyet.com.tr,hurriyet.com.tr,100798069,TR,0.92329307
mysites.taboolanews.com,taboolanews.com,100534418,US,0.26074137
nbcnews.com,nbcnews.com,99731361,US,0.83168888
mundodeportivo.com,mundodeportivo.com,98136842,ES,0.57913065
npr.org,npr.org,97178953,US,0.87716075
nhk.or.jp,nhk.or.jp,95664934,JP,0.94654923
eu.usatoday.com,usatoday.com,95562202,US,0.83487155
zerohedge.com,zerohedge.com,94549227,US,0.73897903
actu.orange.fr,orange.fr,94354029,FR,0.9658498
mynet.com,mynet.com,94029490,TR,0.95790467
jardinage.lemonde.fr,lemonde.fr,93299978,FR,0.80167246
ilmeteo.it,ilmeteo.it,92269778,IT,0.9816519
tagesschau.de,tagesschau.de,91535084,DE,0.89359125
marketwatch.com,marketwatch.com,90626259,US,0.68878926
buzz.gazeta.pl,gazeta.pl,90084363,PL,0.82899523
id.nfl.com,nfl.com,89894636,US,0.81999548
ukr.net,ukr.net,89454697,UA,0.88890352
n-tv.de,n-tv.de,89234600,DE,0.94069986
lequipe.fr,lequipe.fr,88643424,FR,0.84854033
goal.com,goal.com,88574039,ID,0.17638289
nos.nl,nos.nl,88282522,NL,0.94810796
3g.163.com,163.com,88026704,CN,0.7814469
novinky.cz,novinky.cz,87847143,CZ,0.95237833
sport.es,sport.es,87760652,ES,0.6271758
nba.com,nba.com,86698687,US,0.60111004
20minutos.es,20minutos.es,85345593,ES,0.84504247
haberler.com,haberler.com,85222374,TR,0.96908521
new.c.mi.com,mi.com,85047040,IN,0.17145213
news.sky.com,sky.com,84995128,GB,0.725421
iltalehti.fi,iltalehti.fi,84789201,FI,0.97545476
businessinsider.com,businessinsider.com,84734357,US,0.65805442
ilfattoquotidiano.it,ilfattoquotidiano.it,83617718,IT,0.91205106
breitbart.com,breitbart.com,83336673,US,0.90973671
thesun.co.uk,thesun.co.uk,83238428,GB,0.66819393
radiosputnik.ria.ru,ria.ru,82967062,RU,0.78174336
forbes.com,forbes.com,82857779,US,0.55895885
is.fi,is.fi,82343907,FI,0.97393703
sportmediaset.mediaset.it,mediaset.it,81949637,IT,0.93619957
hindi.oneindia.com,oneindia.com,81087586,IN,0.93263793
tmz.com,tmz.com,79803780,US,0.82029938
noe.orf.at,orf.at,79689013,AT,0.90683248
sinoptik.ua,sinoptik.ua,78582802,UA,0.93803404
lightmailer-bap.web.de,web.de,78458687,DE,0.96580153
huffpost.com,huffpost.com,78314463,US,0.85721995
skysports.com,skysports.com,78139512,GB,0.50973149
cbssports.com,cbssports.com,77871478,US,0.87426892
aftonbladet.se,aftonbladet.se,76864143,SE,0.94841967
haberturk.com,haberturk.com,76820715,TR,0.94087894
focus.de,focus.de,76205317,DE,0.91299828
lanacion.com.ar,lanacion.com.ar,76162030,AR,0.72326153
gsmarena.com,gsmarena.com,75712458,ID,0.16040461
leconjugueur.lefigaro.fr,lefigaro.fr,75648784,FR,0.84238026
wsj.com,wsj.com,75613857,US,0.75410568
actualidad.rt.com,rt.com,74930492,US,0.15531076
express.co.uk,express.co.uk,74421564,GB,0.6349585
apnews.com,apnews.com,74046032,US,0.83919942
mirror.co.uk,mirror.co.uk,73706771,GB,0.62598477
clarin.com,clarin.com,73356966,AR,0.70461507
libero.it,libero.it,73063416,IT,0.97957443
diariodeavisos.elespanol.com,elespanol.com,73021312,ES,0.6860966
ekstrabladet.dk,ekstrabladet.dk,72441443,DK,0.96682171
abcnews.go.com,go.com,72209346,US,0.81038799
hindi.sportskeeda.com,sportskeeda.com,71976570,IN,0.53286601
health.udn.com,udn.com,71496157,TW,0.8838315
24h.com.vn,24h.com.vn,71249723,VN,0.95922287
atmarkit.itmedia.co.jp,itmedia.co.jp,70550281,JP,0.98741894
hindi.moneycontrol.com,moneycontrol.com,70236919,IN,0.93364045
newspic.kr,newspic.kr,70166884,KR,0.95868493
medicalnewstoday.com,medicalnewstoday.com,69683083,US,0.44092498
drudgereport.com,drudgereport.com,69629137,US,0.93170575
timesofindia.com,timesofindia.com,68160814,IN,0.73473236
huawei.com,huawei.com,67910958,CN,0.1220081
indianexpress.com,indianexpress.com,66746197,IN,0.82230209
avis-de-deces.ouest-france.fr,ouest-france.fr,66128338,FR,0.9251556
welt.de,welt.de,65639347,DE,0.89611678
o2.pl,o2.pl,65570683,PL,0.85242743
independent.co.uk,independent.co.uk,65387092,GB,0.51935611
milliyet.com.tr,milliyet.com.tr,64742195,TR,0.93873342
bom.gov.au,bom.gov.au,64411024,AU,0.97647375
eltiempo.es,eltiempo.es,64274693,ES,0.97422575
telegraph.co.uk,telegraph.co.uk,64119193,GB,0.71088538
abc.es,abc.es,64011396,ES,0.77804088
3bmeteo.com,3bmeteo.com,63918341,IT,0.97933664
sabah.com.tr,sabah.com.tr,63617274,TR,0.92854761
hln.be,hln.be,63613054,BE,0.8915101
lenta.ru,lenta.ru,63408182,RU,0.71706073
rbc.ru,rbc.ru,63340228,RU,0.83835364
lavanguardia.com,lavanguardia.com,62458185,ES,0.7102762
ole.com.ar,ole.com.ar,62424794,AR,0.64480077
bloomberg.com,bloomberg.com,62359197,US,0.45235153
eenadu.net,eenadu.net,62179934,IN,0.8827661
politico.com,politico.com,62134849,US,0.8434626
nyheder.tv2.dk,tv2.dk,62125461,DK,0.96162552
ensonhaber.com,ensonhaber.com,61907669,TR,0.90394303
direkte.vg.no,vg.no,61553218,NO,0.93655329
foxbusiness.com,foxbusiness.com,61159558,US,0.94166523
france3-regions.francetvinfo.fr,francetvinfo.fr,60863685,FR,0.90773551
sofascore.com,sofascore.com,60186919,BR,0.092863
kr-weathernews.com,kr-weathernews.com,60055424,KR,0.96398498
telegraaf.nl,telegraaf.nl,60017226,NL,0.94654073
wunderground.com,wunderground.com,59875308,US,0.88981875
forecast.weather.gov,weather.gov,59777782,US,0.98091786
aceh.tribunnews.com,tribunnews.com,59299757,ID,0.96285868
sports.ru,sports.ru,59145210,RU,0.73199784
cnnindonesia.com,cnnindonesia.com,59120008,ID,0.9820189
sondakika.com,sondakika.com,58669295,TR,0.97638697
finance.rambler.ru,rambler.ru,58419226,RU,0.79743783
seznamzpravy.cz,seznamzpravy.cz,58333706,CZ,0.95713706
news.upday.com,upday.com,58323908,DE,0.27890072
delfi.lt,delfi.lt,58309392,LT,0.76576624
cbc.ca,cbc.ca,58030098,CA,0.79405908
the-sun.com,the-sun.com,57750158,US,0.89928956
india.com,india.com,57745896,IN,0.89915166
cnet.com,cnet.com,57701497,US,0.61803754
bangla.hindustantimes.com,hindustantimes.com,57544059,IN,0.7710274
stocks.zerodha.com,zerodha.com,56500307,IN,0.92870759
protothema.gr,protothema.gr,55933868,GR,0.90078095
eurosport.tvn24.pl,tvn24.pl,55896024,PL,0.82308185
forum.pravda.com.ua,pravda.com.ua,55050037,UA,0.63997977
business.nikkei.com,nikkei.com,54543223,JP,0.94103361
cbsnews.com,cbsnews.com,54407816,US,0.84273969
foxsports.com,foxsports.com,53615091,US,0.87290131
thehill.com,thehill.com,53499739,US,0.88503441
svenska.yle.fi,yle.fi,53336050,FI,0.94658384
rojadirectaenvivo.club,rojadirectaenvivo.club,53016960,CO,0.23473111
elconfidencial.com,elconfidencial.com,52475238,ES,0.78689865
sohu.com,sohu.com,52239664,CN,0.69826217
dr.dk,dr.dk,52194928,DK,0.94430982
chip.de,chip.de,52156319,DE,0.88718355
jutarnji.hr,jutarnji.hr,51935132,HR,0.80263333
akiba-pc.watch.impress.co.jp,impress.co.jp,51576223,JP,0.98925664
bfmtv.com,bfmtv.com,51236567,FR,0.87983116
zeit.de,zeit.de,50746446,DE,0.89721081
sony.com,sony.com,50448330,US,0.3410344
meteofrance.com,meteofrance.com,50430001,FR,0.97031112
expressen.se,expressen.se,50359643,SE,0.95102557
diretta.it,diretta.it,49499160,IT,0.96072606
bet9ja.com,bet9ja.com,49438712,NG,0.91256615
theweathernetwork.com,theweathernetwork.com,49326418,CA,0.85613328
news.mynavi.jp,mynavi.jp,49277994,JP,0.98739833
kurir.rs,kurir.rs,48927172,RS,0.70892652
haber7.com,haber7.com,48603474,TR,0.94583268
kicker.de,kicker.de,48340995,DE,0.85847443
nhl.com,nhl.com,48255704,US,0.46846323
3c.ltn.com.tw,ltn.com.tw,48209022,TW,0.88126772
sport.sky.it,sky.it,47217995,IT,0.9723502
asahi.com,asahi.com,47164220,JP,0.96394438
europarl.europa.eu,europa.eu,47142319,IT,0.09281866
yallakora.com,yallakora.com,47140740,EG,0.79653181
at.wetter.com,wetter.com,47074668,DE,0.90487487
metropoles.com,metropoles.com,47002700,BR,0.97787672
flashscore.com,flashscore.com,46809583,US,0.11532273
f5mail.rediff.com,rediff.com,46783496,IN,0.81297131
news.sportbox.ru,sportbox.ru,46779066,RU,0.8993876
ettoday.net,ettoday.net,46430636,TW,0.90980744
polygon.com,polygon.com,46270201,US,0.66450939
nbcsports.com,nbcsports.com,45877927,US,0.89062335
aljazeera.com,aljazeera.com,45602306,US,0.26097468
youm7.com,youm7.com,45459818,EG,0.74990001
donga.com,donga.com,45133183,KR,0.94377365
ppomppu.co.kr,ppomppu.co.kr,44756344,KR,0.98699545
championat.com,championat.com,44267849,RU,0.7940595
okdiario.com,okdiario.com,43932805,ES,0.88546372
veja.abril.com.br,abril.com.br,43790380,BR,0.94482464
cumhuriyet.com.tr,cumhuriyet.com.tr,43670844,TR,0.85962309
sportiva.shueisha.co.jp,shueisha.co.jp,43508476,US,0.20905115
yr.no,yr.no,43107382,NO,0.25042133
bt.dk,bt.dk,42581657,DK,0.97131901
eluniversal.com.mx,eluniversal.com.mx,42536357,MX,0.87912884
nrk.no,nrk.no,42522333,NO,0.91682143
terra.com.br,terra.com.br,42347766,BR,0.96025283
softonic.com,softonic.com,42252931,IN,0.21660057
tomsguide.com,tomsguide.com,42052197,US,0.62202148
pagesix.com,pagesix.com,42029072,US,0.82002355
cnblogs.com,cnblogs.com,42008510,CN,0.93107351
climatempo.com.br,climatempo.com.br,41885935,BR,0.98953603
bhaskar.com,bhaskar.com,41786916,IN,0.95998791
eltiempo.com,eltiempo.com,41782034,CO,0.7887863
24.sapo.pt,sapo.pt,41723913,PT,0.83676037
mlb.com,mlb.com,41298840,US,0.86682171
weathernews.jp,weathernews.jp,40917488,JP,0.993651
metoffice.gov.uk,metoffice.gov.uk,40889895,GB,0.95686746
c.newsnow.co.uk,newsnow.co.uk,40505358,GB,0.68860495
premierleague.com,premierleague.com,40480474,GB,0.25114807
fanpage.it,fanpage.it,40406400,IT,0.96374317
cordopolis.eldiario.es,eldiario.es,40327060,ES,0.91028419
techradar.com,techradar.com,40128235,US,0.37078125
5.nbryb.com,nbryb.com,40086102,US,0.24927819
sport.pl,sport.pl,40032709,PL,0.80380116
footmercato.net,footmercato.net,39930352,FR,0.69349078
insider.com,insider.com,39897503,US,0.72842777
si.com,si.com,39890501,US,0.84856676
bengali.news18.com,news18.com,39710351,IN,0.8830141
blic.rs,blic.rs,39630594,RS,0.81046633
kp.ru,kp.ru,39282303,RU,0.80345546
20minutes.fr,20minutes.fr,39235450,FR,0.91555823
epaper.thehindu.com,thehindu.com,39231619,IN,0.87144606
sport.tvp.pl,tvp.pl,39113173,PL,0.90723703
24sata.hr,24sata.hr,38663199,HR,0.86253582
habr.com,habr.com,38657186,RU,0.74939697
news.sanook.com,sanook.com,38490161,TH,0.96760549
esportes.r7.com,r7.com,38307202,BR,0.95794146
portal.auone.jp,auone.jp,38167304,JP,0.94703118
memurlar.net,memurlar.net,38143214,TR,0.99419076
nhc.noaa.gov,noaa.gov,37872035,US,0.84709678
es.motorsport.com,motorsport.com,37802931,NL,0.20454954
aajtak.in,aajtak.in,37754722,IN,0.94689456
newsweek.com,newsweek.com,37645597,US,0.77494393
bunshun.jp,bunshun.jp,37626495,JP,0.98438295
spi.yomiuri.co.jp,yomiuri.co.jp,37579760,JP,0.9830298
rtve.es,rtve.es,37482941,ES,0.79797786
btsd.schoology.com,schoology.com,37401138,US,0.77427518
i.stuff.co.nz,stuff.co.nz,37058579,NZ,0.86953787
idokep.hu,idokep.hu,36834054,HU,0.98362494
larazon.es,larazon.es,36826144,ES,0.85777897
bourse.boursorama.com,boursorama.com,36680489,FR,0.89718569
mako.co.il,mako.co.il,36608130,IL,0.89123304
xataka.com,xataka.com,36410250,ES,0.48652682
play.tycsports.com,tycsports.com,36322917,AR,0.65344047
telex.hu,telex.hu,36055119,HU,0.85958158
cnbcindonesia.com,cnbcindonesia.com,36043684,ID,0.98322791
dantri.com.vn,dantri.com.vn,36011877,VN,0.94367242
wetteronline.de,wetteronline.de,36009978,DE,0.91017134
coingecko.com,coingecko.com,35916230,US,0.12928587
chinatimes.com,chinatimes.com,35886309,TW,0.8054093
theverge.com,theverge.com,35792866,US,0.60875312
fivethirtyeight.com,fivethirtyeight.com,35658658,US,0.78621279
id.soccerway.com,soccerway.com,35576801,ZA,0.20827142
news.walla.co.il,walla.co.il,35466113,IL,0.90146749